file,true_label,predicted_label,deepfake_probability,true_class,predicted_class,true_label_norm,pred_label_norm,file_key,file_metadata,split,label,modify_video,modify_audio,n_fakes,duration,video_frames,audio_channels,audio_frames,original,fake_periods,correct,error_type,modify_video_norm,modify_audio_norm,duration_group,fake_probability,real_probability,prediction_confidence
test/003540.mp4,0,1,0.9932488203048706,REAL,DEEPFAKE,0,1,test/003540.mp4,test/003540.mp4,test,0,0,0,0,9.792,243,1,154624,,[],False,FALSE_POSITIVE,0,0,8-10s,0.9932488203048706,0.0067511796951293945,0.9932488203048706
test/012671.mp4,0,1,0.9600593447685242,REAL,DEEPFAKE,0,1,test/012671.mp4,test/012671.mp4,test,0,0,0,0,4.672,114,1,72704,,[],False,FALSE_POSITIVE,0,0,4-6s,0.9600593447685242,0.03994065523147583,0.9600593447685242
test/003571.mp4,0,1,0.9250831007957458,REAL,DEEPFAKE,0,1,test/003571.mp4,test/003571.mp4,test,0,0,0,0,4.416,108,1,68608,,[],False,FALSE_POSITIVE,0,0,4-6s,0.9250831007957458,0.07491689920425415,0.9250831007957458
test/012682.mp4,0,1,0.8241093158721924,REAL,DEEPFAKE,0,1,test/012682.mp4,test/012682.mp4,test,0,0,0,0,4.864,120,1,75776,,[],False,FALSE_POSITIVE,0,0,4-6s,0.8241093158721924,0.17589068412780762,0.8241093158721924
test/048184.mp4,0,1,0.8135178685188293,REAL,DEEPFAKE,0,1,test/048184.mp4,test/048184.mp4,test,0,0,0,0,5.888,145,1,92160,,[],False,FALSE_POSITIVE,0,0,4-6s,0.8135178685188293,0.18648213148117065,0.8135178685188293
test/046416.mp4,0,1,0.748277485370636,REAL,DEEPFAKE,0,1,test/046416.mp4,test/046416.mp4,test,0,0,0,0,4.096,100,1,63488,,[],False,FALSE_POSITIVE,0,0,4-6s,0.748277485370636,0.251722514629364,0.748277485370636
test/094981.mp4,0,1,0.7224518656730652,REAL,DEEPFAKE,0,1,test/094981.mp4,test/094981.mp4,test,0,0,0,0,4.288,105,1,66560,,[],False,FALSE_POSITIVE,0,0,4-6s,0.7224518656730652,0.2775481343269348,0.7224518656730652
test/046660.mp4,0,1,0.6638512015342712,REAL,DEEPFAKE,0,1,test/046660.mp4,test/046660.mp4,test,0,0,0,0,4.416,108,1,68608,,[],False,FALSE_POSITIVE,0,0,4-6s,0.6638512015342712,0.33614879846572876,0.6638512015342712
test/045752.mp4,0,1,0.6075689792633057,REAL,DEEPFAKE,0,1,test/045752.mp4,test/045752.mp4,test,0,0,0,0,4.16,102,1,64512,,[],False,FALSE_POSITIVE,0,0,4-6s,0.6075689792633057,0.39243102073669434,0.6075689792633057
